[{"model": "contenttypes.contenttype", "pk": 1, "fields": {"app_label": "admin", "model": "logentry"}}, {"model": "contenttypes.contenttype", "pk": 2, "fields": {"app_label": "auth", "model": "permission"}}, {"model": "contenttypes.contenttype", "pk": 3, "fields": {"app_label": "auth", "model": "user"}}, {"model": "contenttypes.contenttype", "pk": 4, "fields": {"app_label": "auth", "model": "group"}}, {"model": "contenttypes.contenttype", "pk": 5, "fields": {"app_label": "contenttypes", "model": "contenttype"}}, {"model": "contenttypes.contenttype", "pk": 6, "fields": {"app_label": "sessions", "model": "session"}}, {"model": "contenttypes.contenttype", "pk": 7, "fields": {"app_label": "main", "model": "prompt"}}, {"model": "contenttypes.contenttype", "pk": 8, "fields": {"app_label": "main", "model": "collection"}}, {"model": "contenttypes.contenttype", "pk": 9, "fields": {"app_label": "main", "model": "drawing"}}, {"model": "sessions.session", "pk": "dusb6i75ur1jr9meflz3l4etnv6uhw3a", "fields": {"session_data": "YTU1NDJiZjU1MTFhZjU5NGNkM2Y0N2ViZGVjNDA5OTMwNDk2YzE2NDp7Il9hdXRoX3VzZXJfaGFzaCI6IjVjZDY1OWQzNDQ1YjYzYTIyMThmMmI2NDVkMjZiNjhkMjM2OGI2MTIiLCJfYXV0aF91c2VyX2JhY2tlbmQiOiJkamFuZ28uY29udHJpYi5hdXRoLmJhY2tlbmRzLk1vZGVsQmFja2VuZCIsIl9hdXRoX3VzZXJfaWQiOiIxIn0=", "expire_date": "2017-07-23T00:14:52.515Z"}}, {"model": "sessions.session", "pk": "j46pst4db1km8te193cuh5vy8zy29grr", "fields": {"session_data": "NTE4N2I1NmVmMmEyNTkwYzBjNWNmNzhiZWE2YTlmYmU3NGZhZDE5Yzp7Il9hdXRoX3VzZXJfaGFzaCI6IjkyNWZlODA3YzkxZjg4NGU2Y2I3MmRkYjZkZjIyYTc0ODQ0ZDA4YWYiLCJfYXV0aF91c2VyX2JhY2tlbmQiOiJkamFuZ28uY29udHJpYi5hdXRoLmJhY2tlbmRzLk1vZGVsQmFja2VuZCIsIl9hdXRoX3VzZXJfaWQiOiIyIn0=", "expire_date": "2017-05-13T21:01:45.870Z"}}, {"model": "sessions.session", "pk": "uj1rhg5kkdy2y8p0gg3toqv5pwugz0pk", "fields": {"session_data": "NTE4N2I1NmVmMmEyNTkwYzBjNWNmNzhiZWE2YTlmYmU3NGZhZDE5Yzp7Il9hdXRoX3VzZXJfaGFzaCI6IjkyNWZlODA3YzkxZjg4NGU2Y2I3MmRkYjZkZjIyYTc0ODQ0ZDA4YWYiLCJfYXV0aF91c2VyX2JhY2tlbmQiOiJkamFuZ28uY29udHJpYi5hdXRoLmJhY2tlbmRzLk1vZGVsQmFja2VuZCIsIl9hdXRoX3VzZXJfaWQiOiIyIn0=", "expire_date": "2017-05-15T05:20:34.693Z"}}, {"model": "sessions.session", "pk": "wz91npeel7p0r9839soaruson3bz4eub", "fields": {"session_data": "YTU1NDJiZjU1MTFhZjU5NGNkM2Y0N2ViZGVjNDA5OTMwNDk2YzE2NDp7Il9hdXRoX3VzZXJfaGFzaCI6IjVjZDY1OWQzNDQ1YjYzYTIyMThmMmI2NDVkMjZiNjhkMjM2OGI2MTIiLCJfYXV0aF91c2VyX2JhY2tlbmQiOiJkamFuZ28uY29udHJpYi5hdXRoLmJhY2tlbmRzLk1vZGVsQmFja2VuZCIsIl9hdXRoX3VzZXJfaWQiOiIxIn0=", "expire_date": "2017-05-13T17:16:18.903Z"}}, {"model": "sessions.session", "pk": "x1jg0qof3s3vfatqga1b36frmpnk9del", "fields": {"session_data": "YTU1NDJiZjU1MTFhZjU5NGNkM2Y0N2ViZGVjNDA5OTMwNDk2YzE2NDp7Il9hdXRoX3VzZXJfaGFzaCI6IjVjZDY1OWQzNDQ1YjYzYTIyMThmMmI2NDVkMjZiNjhkMjM2OGI2MTIiLCJfYXV0aF91c2VyX2JhY2tlbmQiOiJkamFuZ28uY29udHJpYi5hdXRoLmJhY2tlbmRzLk1vZGVsQmFja2VuZCIsIl9hdXRoX3VzZXJfaWQiOiIxIn0=", "expire_date": "2017-07-01T22:09:12.275Z"}}, {"model": "main.drawing", "pk": 8, "fields": {"date": "2017-04-30T20:53:41.354Z", "views": 25, "collection": 9, "title": "Midday At Coachella", "updates": 5, "finished": true, "image": "drawings/drawing_EtIbckl.png"}}, {"model": "main.drawing", "pk": 9, "fields": {"date": "2017-04-30T22:33:41.543Z", "views": 41, "collection": 5, "title": "Summer Day At The Beach", "updates": 7, "finished": true, "image": "drawings/drawing_pzxg57U.png"}}, {"model": "main.drawing", "pk": 30, "fields": {"date": "2017-05-04T07:32:11.914Z", "views": 53, "collection": 14, "title": "Leaving the Shire", "updates": 5, "finished": true, "image": "drawings/drawing_NSuwyt3.png"}}, {"model": "main.drawing", "pk": 32, "fields": {"date": "2017-05-04T07:35:42.962Z", "views": 6, "collection": 13, "title": "Rainforest", "updates": 5, "finished": true, "image": "drawings/drawing_Y6CTkK2.png"}}, {"model": "main.drawing", "pk": 33, "fields": {"date": "2017-05-04T08:02:30.586Z", "views": 54, "collection": 11, "title": "Bike Ride By The River", "updates": 5, "finished": true, "image": "drawings/drawing_FppAogQ.png"}}, {"model": "main.drawing", "pk": 35, "fields": {"date": "2017-05-04T07:39:38.487Z", "views": 16, "collection": 5, "title": "Summer Day At The Beach", "updates": 7, "finished": true, "image": "drawings/drawing_ssbvRw5.png"}}, {"model": "main.drawing", "pk": 36, "fields": {"date": "2017-05-04T08:01:12.333Z", "views": 19, "collection": 18, "title": "Dog Park", "updates": 4, "finished": true, "image": "drawings/drawing_8va2toj.png"}}, {"model": "main.collection", "pk": 5, "fields": {"title": "Summer Day At The Beach", "numPrompts": 7}}, {"model": "main.collection", "pk": 9, "fields": {"title": "Midday At Coachella", "numPrompts": 5}}, {"model": "main.collection", "pk": 10, "fields": {"title": "Mining an Asteroid", "numPrompts": 6}}, {"model": "main.collection", "pk": 11, "fields": {"title": "Bike Ride By The River", "numPrompts": 5}}, {"model": "main.collection", "pk": 12, "fields": {"title": "City Lights", "numPrompts": 4}}, {"model": "main.collection", "pk": 13, "fields": {"title": "Rainforest", "numPrompts": 5}}, {"model": "main.collection", "pk": 14, "fields": {"title": "Leaving the Shire", "numPrompts": 5}}, {"model": "main.collection", "pk": 15, "fields": {"title": "Cloud City", "numPrompts": 4}}, {"model": "main.collection", "pk": 16, "fields": {"title": "The Robot Apocalypse", "numPrompts": 6}}, {"model": "main.collection", "pk": 17, "fields": {"title": "Office Space", "numPrompts": 6}}, {"model": "main.collection", "pk": 18, "fields": {"title": "Dog Park", "numPrompts": 4}}, {"model": "main.collection", "pk": 19, "fields": {"title": "Disco Night", "numPrompts": 5}}, {"model": "main.collection", "pk": 20, "fields": {"title": "Abstract Art", "numPrompts": 6}}, {"model": "main.prompt", "pk": 41, "fields": {"text": "The Ocean", "collection": 5, "promptNum": 0}}, {"model": "main.prompt", "pk": 42, "fields": {"text": "Sand", "collection": 5, "promptNum": 1}}, {"model": "main.prompt", "pk": 43, "fields": {"text": "The Sky", "collection": 5, "promptNum": 2}}, {"model": "main.prompt", "pk": 44, "fields": {"text": "Sunbathers", "collection": 5, "promptNum": 3}}, {"model": "main.prompt", "pk": 45, "fields": {"text": "Umbrellas", "collection": 5, "promptNum": 4}}, {"model": "main.prompt", "pk": 46, "fields": {"text": "Pi\u00f1a coladas", "collection": 5, "promptNum": 5}}, {"model": "main.prompt", "pk": 47, "fields": {"text": "A Shark", "collection": 5, "promptNum": 6}}, {"model": "main.prompt", "pk": 59, "fields": {"text": "A Concert Stage", "collection": 9, "promptNum": 0}}, {"model": "main.prompt", "pk": 60, "fields": {"text": "A Band Performing", "collection": 9, "promptNum": 1}}, {"model": "main.prompt", "pk": 61, "fields": {"text": "A Crowd", "collection": 9, "promptNum": 2}}, {"model": "main.prompt", "pk": 62, "fields": {"text": "Music", "collection": 9, "promptNum": 3}}, {"model": "main.prompt", "pk": 63, "fields": {"text": "The Rest of the Concert Setting", "collection": 9, "promptNum": 4}}, {"model": "main.prompt", "pk": 64, "fields": {"text": "An Asteroid", "collection": 10, "promptNum": 0}}, {"model": "main.prompt", "pk": 65, "fields": {"text": "Astronauts", "collection": 10, "promptNum": 1}}, {"model": "main.prompt", "pk": 66, "fields": {"text": "Mining Equipment For the Astronauts", "collection": 10, "promptNum": 2}}, {"model": "main.prompt", "pk": 67, "fields": {"text": "A Space Ship", "collection": 10, "promptNum": 3}}, {"model": "main.prompt", "pk": 68, "fields": {"text": "The Spacey Background", "collection": 10, "promptNum": 4}}, {"model": "main.prompt", "pk": 69, "fields": {"text": "A Mine Cart Full of Space Gems", "collection": 10, "promptNum": 5}}, {"model": "main.prompt", "pk": 70, "fields": {"text": "A River", "collection": 11, "promptNum": 0}}, {"model": "main.prompt", "pk": 71, "fields": {"text": "Trees", "collection": 11, "promptNum": 1}}, {"model": "main.prompt", "pk": 72, "fields": {"text": "The Sky", "collection": 11, "promptNum": 2}}, {"model": "main.prompt", "pk": 73, "fields": {"text": "A Biking Path", "collection": 11, "promptNum": 3}}, {"model": "main.prompt", "pk": 74, "fields": {"text": "A Person Riding A Bike", "collection": 11, "promptNum": 4}}, {"model": "main.prompt", "pk": 75, "fields": {"text": "Towering Buildings", "collection": 12, "promptNum": 0}}, {"model": "main.prompt", "pk": 76, "fields": {"text": "The Surrounding Sky", "collection": 12, "promptNum": 1}}, {"model": "main.prompt", "pk": 77, "fields": {"text": "Cars", "collection": 12, "promptNum": 2}}, {"model": "main.prompt", "pk": 78, "fields": {"text": "Pedestrians", "collection": 12, "promptNum": 3}}, {"model": "main.prompt", "pk": 79, "fields": {"text": "Thick Forestry", "collection": 13, "promptNum": 0}}, {"model": "main.prompt", "pk": 80, "fields": {"text": "A Dense Forest Canopy", "collection": 13, "promptNum": 1}}, {"model": "main.prompt", "pk": 81, "fields": {"text": "Dew Hanging from the Greenery", "collection": 13, "promptNum": 2}}, {"model": "main.prompt", "pk": 82, "fields": {"text": "Woodland Critters", "collection": 13, "promptNum": 3}}, {"model": "main.prompt", "pk": 83, "fields": {"text": "Sun Rays Peaking Through the Canopy Overhead", "collection": 13, "promptNum": 4}}, {"model": "main.prompt", "pk": 84, "fields": {"text": "Green Pastures", "collection": 14, "promptNum": 0}}, {"model": "main.prompt", "pk": 85, "fields": {"text": "Hills", "collection": 14, "promptNum": 1}}, {"model": "main.prompt", "pk": 86, "fields": {"text": "A Cobblestone Path", "collection": 14, "promptNum": 2}}, {"model": "main.prompt", "pk": 87, "fields": {"text": "A Group of Unlikely Adventurers", "collection": 14, "promptNum": 3}}, {"model": "main.prompt", "pk": 88, "fields": {"text": "A Mystical Land Far Off in the Distance", "collection": 14, "promptNum": 4}}, {"model": "main.prompt", "pk": 89, "fields": {"text": "A Floating City", "collection": 15, "promptNum": 0}}, {"model": "main.prompt", "pk": 90, "fields": {"text": "Flying Cars", "collection": 15, "promptNum": 1}}, {"model": "main.prompt", "pk": 91, "fields": {"text": "The Surrouding Sky", "collection": 15, "promptNum": 2}}, {"model": "main.prompt", "pk": 92, "fields": {"text": "A Jedi vs Sith Conflict", "collection": 15, "promptNum": 3}}, {"model": "main.prompt", "pk": 93, "fields": {"text": "Evil Robots", "collection": 16, "promptNum": 0}}, {"model": "main.prompt", "pk": 94, "fields": {"text": "Fire", "collection": 16, "promptNum": 1}}, {"model": "main.prompt", "pk": 95, "fields": {"text": "Destruction", "collection": 16, "promptNum": 2}}, {"model": "main.prompt", "pk": 96, "fields": {"text": "People in Fear", "collection": 16, "promptNum": 3}}, {"model": "main.prompt", "pk": 97, "fields": {"text": "Lasers and Explosions", "collection": 16, "promptNum": 4}}, {"model": "main.prompt", "pk": 98, "fields": {"text": "Arnold Schwarzenegger", "collection": 16, "promptNum": 5}}, {"model": "main.prompt", "pk": 99, "fields": {"text": "The Inside of a Building", "collection": 17, "promptNum": 0}}, {"model": "main.prompt", "pk": 100, "fields": {"text": "Cubicles", "collection": 17, "promptNum": 1}}, {"model": "main.prompt", "pk": 101, "fields": {"text": "A Water Cooler", "collection": 17, "promptNum": 2}}, {"model": "main.prompt", "pk": 102, "fields": {"text": "People Working", "collection": 17, "promptNum": 3}}, {"model": "main.prompt", "pk": 103, "fields": {"text": "Clocks", "collection": 17, "promptNum": 4}}, {"model": "main.prompt", "pk": 104, "fields": {"text": "A Boss Overseeing Workers", "collection": 17, "promptNum": 5}}, {"model": "main.prompt", "pk": 105, "fields": {"text": "Trees", "collection": 18, "promptNum": 0}}, {"model": "main.prompt", "pk": 106, "fields": {"text": "Dogs", "collection": 18, "promptNum": 1}}, {"model": "main.prompt", "pk": 107, "fields": {"text": "People", "collection": 18, "promptNum": 2}}, {"model": "main.prompt", "pk": 108, "fields": {"text": "The Sky", "collection": 18, "promptNum": 3}}, {"model": "main.prompt", "pk": 109, "fields": {"text": "A Dance Floor", "collection": 19, "promptNum": 0}}, {"model": "main.prompt", "pk": 110, "fields": {"text": "A Disco Ball", "collection": 19, "promptNum": 1}}, {"model": "main.prompt", "pk": 111, "fields": {"text": "The Rest of the Dance Hall", "collection": 19, "promptNum": 2}}, {"model": "main.prompt", "pk": 112, "fields": {"text": "Dancers", "collection": 19, "promptNum": 3}}, {"model": "main.prompt", "pk": 113, "fields": {"text": "Disco Lights", "collection": 19, "promptNum": 4}}, {"model": "main.prompt", "pk": 114, "fields": {"text": "Splashes of Color", "collection": 20, "promptNum": 0}}, {"model": "main.prompt", "pk": 115, "fields": {"text": "A Few Shapes", "collection": 20, "promptNum": 1}}, {"model": "main.prompt", "pk": 116, "fields": {"text": "Lines", "collection": 20, "promptNum": 2}}, {"model": "main.prompt", "pk": 117, "fields": {"text": "An Area Completely FIlled With Color", "collection": 20, "promptNum": 3}}, {"model": "main.prompt", "pk": 118, "fields": {"text": "A Human Body Part", "collection": 20, "promptNum": 4}}, {"model": "main.prompt", "pk": 119, "fields": {"text": "What You Think Spicy Looks Like", "collection": 20, "promptNum": 5}}, {"model": "auth.permission", "pk": 1, "fields": {"name": "Can add log entry", "content_type": 1, "codename": "add_logentry"}}, {"model": "auth.permission", "pk": 2, "fields": {"name": "Can change log entry", "content_type": 1, "codename": "change_logentry"}}, {"model": "auth.permission", "pk": 3, "fields": {"name": "Can delete log entry", "content_type": 1, "codename": "delete_logentry"}}, {"model": "auth.permission", "pk": 4, "fields": {"name": "Can add permission", "content_type": 2, "codename": "add_permission"}}, {"model": "auth.permission", "pk": 5, "fields": {"name": "Can change permission", "content_type": 2, "codename": "change_permission"}}, {"model": "auth.permission", "pk": 6, "fields": {"name": "Can delete permission", "content_type": 2, "codename": "delete_permission"}}, {"model": "auth.permission", "pk": 7, "fields": {"name": "Can add user", "content_type": 3, "codename": "add_user"}}, {"model": "auth.permission", "pk": 8, "fields": {"name": "Can change user", "content_type": 3, "codename": "change_user"}}, {"model": "auth.permission", "pk": 9, "fields": {"name": "Can delete user", "content_type": 3, "codename": "delete_user"}}, {"model": "auth.permission", "pk": 10, "fields": {"name": "Can add group", "content_type": 4, "codename": "add_group"}}, {"model": "auth.permission", "pk": 11, "fields": {"name": "Can change group", "content_type": 4, "codename": "change_group"}}, {"model": "auth.permission", "pk": 12, "fields": {"name": "Can delete group", "content_type": 4, "codename": "delete_group"}}, {"model": "auth.permission", "pk": 13, "fields": {"name": "Can add content type", "content_type": 5, "codename": "add_contenttype"}}, {"model": "auth.permission", "pk": 14, "fields": {"name": "Can change content type", "content_type": 5, "codename": "change_contenttype"}}, {"model": "auth.permission", "pk": 15, "fields": {"name": "Can delete content type", "content_type": 5, "codename": "delete_contenttype"}}, {"model": "auth.permission", "pk": 16, "fields": {"name": "Can add session", "content_type": 6, "codename": "add_session"}}, {"model": "auth.permission", "pk": 17, "fields": {"name": "Can change session", "content_type": 6, "codename": "change_session"}}, {"model": "auth.permission", "pk": 18, "fields": {"name": "Can delete session", "content_type": 6, "codename": "delete_session"}}, {"model": "auth.permission", "pk": 19, "fields": {"name": "Can add prompt", "content_type": 7, "codename": "add_prompt"}}, {"model": "auth.permission", "pk": 20, "fields": {"name": "Can change prompt", "content_type": 7, "codename": "change_prompt"}}, {"model": "auth.permission", "pk": 21, "fields": {"name": "Can delete prompt", "content_type": 7, "codename": "delete_prompt"}}, {"model": "auth.permission", "pk": 22, "fields": {"name": "Can add collection", "content_type": 8, "codename": "add_collection"}}, {"model": "auth.permission", "pk": 23, "fields": {"name": "Can change collection", "content_type": 8, "codename": "change_collection"}}, {"model": "auth.permission", "pk": 24, "fields": {"name": "Can delete collection", "content_type": 8, "codename": "delete_collection"}}, {"model": "auth.permission", "pk": 25, "fields": {"name": "Can add drawing", "content_type": 9, "codename": "add_drawing"}}, {"model": "auth.permission", "pk": 26, "fields": {"name": "Can change drawing", "content_type": 9, "codename": "change_drawing"}}, {"model": "auth.permission", "pk": 27, "fields": {"name": "Can delete drawing", "content_type": 9, "codename": "delete_drawing"}}, {"model": "auth.user", "pk": 1, "fields": {"password": "pbkdf2_sha256$30000$ifWo5o3jbwfc$Pi8igRErvVvAjME17KKOCcBR1p3KwJ9Jglb+COuSvFg=", "last_login": "2017-07-09T00:14:52.511Z", "is_superuser": true, "username": "steven", "first_name": "", "last_name": "", "email": "sroach07@gmail.com", "is_staff": true, "is_active": true, "date_joined": "2017-04-29T17:15:55.921Z", "groups": [], "user_permissions": []}}, {"model": "auth.user", "pk": 2, "fields": {"password": "pbkdf2_sha256$30000$yjkQuAA3IexK$77TudABctfhWDBZOk0ElQMZUQ9AvVIkx9sZOad5XVjg=", "last_login": "2017-05-01T05:20:34.587Z", "is_superuser": true, "username": "danny", "first_name": "", "last_name": "", "email": "dochoa@macalester.edu", "is_staff": true, "is_active": true, "date_joined": "2017-04-29T21:01:26.939Z", "groups": [], "user_permissions": []}}, {"model": "admin.logentry", "pk": 1, "fields": {"action_time": "2017-04-29T17:18:48.990Z", "user": 1, "content_type": 8, "object_id": "1", "object_repr": "Collection object", "action_flag": 1, "change_message": "[{\"added\": {}}]"}}, {"model": "admin.logentry", "pk": 2, "fields": {"action_time": "2017-04-29T17:19:04.569Z", "user": 1, "content_type": 8, "object_id": "2", "object_repr": "Collection object", "action_flag": 1, "change_message": "[{\"added\": {}}]"}}, {"model": "admin.logentry", "pk": 3, "fields": {"action_time": "2017-04-29T17:19:38.631Z", "user": 1, "content_type": 8, "object_id": "3", "object_repr": "Collection object", "action_flag": 1, "change_message": "[{\"added\": {}}]"}}, {"model": "admin.logentry", "pk": 4, "fields": {"action_time": "2017-04-29T17:20:22.677Z", "user": 1, "content_type": 8, "object_id": "4", "object_repr": "Collection object", "action_flag": 1, "change_message": "[{\"added\": {}}]"}}, {"model": "admin.logentry", "pk": 5, "fields": {"action_time": "2017-04-29T17:21:42.150Z", "user": 1, "content_type": 9, "object_id": "1", "object_repr": "Drawing object", "action_flag": 1, "change_message": "[{\"added\": {}}]"}}, {"model": "admin.logentry", "pk": 6, "fields": {"action_time": "2017-04-29T17:21:56.680Z", "user": 1, "content_type": 9, "object_id": "2", "object_repr": "Drawing object", "action_flag": 1, "change_message": "[{\"added\": {}}]"}}, {"model": "admin.logentry", "pk": 7, "fields": {"action_time": "2017-04-29T17:22:42.953Z", "user": 1, "content_type": 9, "object_id": "3", "object_repr": "Drawing object", "action_flag": 1, "change_message": "[{\"added\": {}}]"}}, {"model": "admin.logentry", "pk": 8, "fields": {"action_time": "2017-04-29T17:23:01.100Z", "user": 1, "content_type": 9, "object_id": "4", "object_repr": "Drawing object", "action_flag": 1, "change_message": "[{\"added\": {}}]"}}, {"model": "admin.logentry", "pk": 9, "fields": {"action_time": "2017-04-29T17:25:17.529Z", "user": 1, "content_type": 7, "object_id": "1", "object_repr": "Prompt object", "action_flag": 1, "change_message": "[{\"added\": {}}]"}}, {"model": "admin.logentry", "pk": 10, "fields": {"action_time": "2017-04-29T17:25:26.757Z", "user": 1, "content_type": 7, "object_id": "2", "object_repr": "Prompt object", "action_flag": 1, "change_message": "[{\"added\": {}}]"}}, {"model": "admin.logentry", "pk": 11, "fields": {"action_time": "2017-04-29T17:25:40.404Z", "user": 1, "content_type": 7, "object_id": "3", "object_repr": "Prompt object", "action_flag": 1, "change_message": "[{\"added\": {}}]"}}, {"model": "admin.logentry", "pk": 12, "fields": {"action_time": "2017-04-29T17:25:58Z", "user": 1, "content_type": 7, "object_id": "4", "object_repr": "Prompt object", "action_flag": 1, "change_message": "[{\"added\": {}}]"}}, {"model": "admin.logentry", "pk": 13, "fields": {"action_time": "2017-04-29T17:28:19.371Z", "user": 1, "content_type": 7, "object_id": "5", "object_repr": "Prompt object", "action_flag": 1, "change_message": "[{\"added\": {}}]"}}, {"model": "admin.logentry", "pk": 14, "fields": {"action_time": "2017-04-29T17:28:51.708Z", "user": 1, "content_type": 7, "object_id": "6", "object_repr": "Prompt object", "action_flag": 1, "change_message": "[{\"added\": {}}]"}}, {"model": "admin.logentry", "pk": 15, "fields": {"action_time": "2017-04-29T17:29:05.853Z", "user": 1, "content_type": 7, "object_id": "7", "object_repr": "Prompt object", "action_flag": 1, "change_message": "[{\"added\": {}}]"}}, {"model": "admin.logentry", "pk": 16, "fields": {"action_time": "2017-04-29T17:29:19.946Z", "user": 1, "content_type": 7, "object_id": "8", "object_repr": "Prompt object", "action_flag": 1, "change_message": "[{\"added\": {}}]"}}, {"model": "admin.logentry", "pk": 17, "fields": {"action_time": "2017-04-29T17:30:15.658Z", "user": 1, "content_type": 7, "object_id": "9", "object_repr": "Prompt object", "action_flag": 1, "change_message": "[{\"added\": {}}]"}}, {"model": "admin.logentry", "pk": 18, "fields": {"action_time": "2017-04-29T17:30:38.152Z", "user": 1, "content_type": 7, "object_id": "10", "object_repr": "Prompt object", "action_flag": 1, "change_message": "[{\"added\": {}}]"}}, {"model": "admin.logentry", "pk": 19, "fields": {"action_time": "2017-04-29T17:31:30.610Z", "user": 1, "content_type": 7, "object_id": "11", "object_repr": "Prompt object", "action_flag": 1, "change_message": "[{\"added\": {}}]"}}, {"model": "admin.logentry", "pk": 20, "fields": {"action_time": "2017-04-29T17:32:02.588Z", "user": 1, "content_type": 7, "object_id": "12", "object_repr": "Prompt object", "action_flag": 1, "change_message": "[{\"added\": {}}]"}}, {"model": "admin.logentry", "pk": 21, "fields": {"action_time": "2017-04-29T17:32:10.048Z", "user": 1, "content_type": 7, "object_id": "13", "object_repr": "Prompt object", "action_flag": 1, "change_message": "[{\"added\": {}}]"}}, {"model": "admin.logentry", "pk": 22, "fields": {"action_time": "2017-04-29T17:32:55.298Z", "user": 1, "content_type": 7, "object_id": "14", "object_repr": "Prompt object", "action_flag": 1, "change_message": "[{\"added\": {}}]"}}, {"model": "admin.logentry", "pk": 23, "fields": {"action_time": "2017-04-29T17:33:24.586Z", "user": 1, "content_type": 7, "object_id": "15", "object_repr": "Prompt object", "action_flag": 1, "change_message": "[{\"added\": {}}]"}}, {"model": "admin.logentry", "pk": 24, "fields": {"action_time": "2017-04-29T17:34:55.620Z", "user": 1, "content_type": 7, "object_id": "16", "object_repr": "Prompt object", "action_flag": 1, "change_message": "[{\"added\": {}}]"}}, {"model": "admin.logentry", "pk": 25, "fields": {"action_time": "2017-04-29T17:35:05.532Z", "user": 1, "content_type": 7, "object_id": "17", "object_repr": "Prompt object", "action_flag": 1, "change_message": "[{\"added\": {}}]"}}, {"model": "admin.logentry", "pk": 26, "fields": {"action_time": "2017-04-29T17:35:15.117Z", "user": 1, "content_type": 7, "object_id": "18", "object_repr": "Prompt object", "action_flag": 1, "change_message": "[{\"added\": {}}]"}}, {"model": "admin.logentry", "pk": 27, "fields": {"action_time": "2017-04-29T17:35:21.800Z", "user": 1, "content_type": 7, "object_id": "19", "object_repr": "Prompt object", "action_flag": 1, "change_message": "[{\"added\": {}}]"}}, {"model": "admin.logentry", "pk": 28, "fields": {"action_time": "2017-04-29T17:35:46.636Z", "user": 1, "content_type": 7, "object_id": "20", "object_repr": "Prompt object", "action_flag": 1, "change_message": "[{\"added\": {}}]"}}, {"model": "admin.logentry", "pk": 29, "fields": {"action_time": "2017-04-29T17:36:07.003Z", "user": 1, "content_type": 7, "object_id": "1", "object_repr": "Prompt object", "action_flag": 2, "change_message": "[{\"changed\": {\"fields\": [\"text\", \"collectionId\"]}}]"}}, {"model": "admin.logentry", "pk": 30, "fields": {"action_time": "2017-04-29T17:36:17.935Z", "user": 1, "content_type": 7, "object_id": "2", "object_repr": "Prompt object", "action_flag": 2, "change_message": "[{\"changed\": {\"fields\": [\"text\", \"collectionId\"]}}]"}}, {"model": "admin.logentry", "pk": 31, "fields": {"action_time": "2017-04-29T17:36:34.651Z", "user": 1, "content_type": 7, "object_id": "3", "object_repr": "Prompt object", "action_flag": 2, "change_message": "[{\"changed\": {\"fields\": [\"text\", \"collectionId\"]}}]"}}, {"model": "admin.logentry", "pk": 32, "fields": {"action_time": "2017-04-29T17:36:48.932Z", "user": 1, "content_type": 7, "object_id": "4", "object_repr": "Prompt object", "action_flag": 2, "change_message": "[{\"changed\": {\"fields\": [\"text\", \"collectionId\"]}}]"}}, {"model": "admin.logentry", "pk": 33, "fields": {"action_time": "2017-04-29T17:36:57.346Z", "user": 1, "content_type": 7, "object_id": "5", "object_repr": "Prompt object", "action_flag": 2, "change_message": "[{\"changed\": {\"fields\": [\"text\", \"collectionId\"]}}]"}}, {"model": "admin.logentry", "pk": 34, "fields": {"action_time": "2017-04-29T17:37:09.713Z", "user": 1, "content_type": 7, "object_id": "6", "object_repr": "Prompt object", "action_flag": 2, "change_message": "[{\"changed\": {\"fields\": [\"text\", \"collectionId\"]}}]"}}, {"model": "admin.logentry", "pk": 35, "fields": {"action_time": "2017-04-29T17:37:26.649Z", "user": 1, "content_type": 7, "object_id": "7", "object_repr": "Prompt object", "action_flag": 2, "change_message": "[{\"changed\": {\"fields\": [\"text\", \"collectionId\"]}}]"}}, {"model": "admin.logentry", "pk": 36, "fields": {"action_time": "2017-04-29T17:37:38.734Z", "user": 1, "content_type": 7, "object_id": "8", "object_repr": "Prompt object", "action_flag": 2, "change_message": "[{\"changed\": {\"fields\": [\"text\", \"collectionId\"]}}]"}}, {"model": "admin.logentry", "pk": 37, "fields": {"action_time": "2017-04-29T17:37:59.832Z", "user": 1, "content_type": 7, "object_id": "9", "object_repr": "Prompt object", "action_flag": 2, "change_message": "[{\"changed\": {\"fields\": [\"collectionId\"]}}]"}}, {"model": "admin.logentry", "pk": 38, "fields": {"action_time": "2017-04-29T17:38:10.940Z", "user": 1, "content_type": 7, "object_id": "10", "object_repr": "Prompt object", "action_flag": 2, "change_message": "[{\"changed\": {\"fields\": [\"collectionId\"]}}]"}}, {"model": "admin.logentry", "pk": 39, "fields": {"action_time": "2017-04-29T17:38:23.159Z", "user": 1, "content_type": 7, "object_id": "20", "object_repr": "Prompt object", "action_flag": 2, "change_message": "[{\"changed\": {\"fields\": [\"text\", \"collectionId\"]}}]"}}, {"model": "admin.logentry", "pk": 40, "fields": {"action_time": "2017-04-29T17:38:32.760Z", "user": 1, "content_type": 7, "object_id": "19", "object_repr": "Prompt object", "action_flag": 2, "change_message": "[{\"changed\": {\"fields\": [\"text\", \"collectionId\"]}}]"}}, {"model": "admin.logentry", "pk": 41, "fields": {"action_time": "2017-04-29T17:38:50.400Z", "user": 1, "content_type": 7, "object_id": "18", "object_repr": "Prompt object", "action_flag": 2, "change_message": "[{\"changed\": {\"fields\": [\"text\", \"collectionId\"]}}]"}}, {"model": "admin.logentry", "pk": 42, "fields": {"action_time": "2017-04-29T17:39:06.994Z", "user": 1, "content_type": 7, "object_id": "17", "object_repr": "Prompt object", "action_flag": 2, "change_message": "[{\"changed\": {\"fields\": [\"text\", \"collectionId\"]}}]"}}, {"model": "admin.logentry", "pk": 43, "fields": {"action_time": "2017-04-29T17:39:30.940Z", "user": 1, "content_type": 7, "object_id": "16", "object_repr": "Prompt object", "action_flag": 2, "change_message": "[{\"changed\": {\"fields\": [\"text\", \"collectionId\"]}}]"}}, {"model": "admin.logentry", "pk": 44, "fields": {"action_time": "2017-04-29T17:39:45.979Z", "user": 1, "content_type": 7, "object_id": "15", "object_repr": "Prompt object", "action_flag": 2, "change_message": "[{\"changed\": {\"fields\": [\"collectionId\"]}}]"}}, {"model": "admin.logentry", "pk": 45, "fields": {"action_time": "2017-04-29T17:39:55.959Z", "user": 1, "content_type": 7, "object_id": "14", "object_repr": "Prompt object", "action_flag": 2, "change_message": "[{\"changed\": {\"fields\": [\"collectionId\"]}}]"}}, {"model": "admin.logentry", "pk": 46, "fields": {"action_time": "2017-04-29T17:40:07.645Z", "user": 1, "content_type": 7, "object_id": "13", "object_repr": "Prompt object", "action_flag": 2, "change_message": "[{\"changed\": {\"fields\": [\"collectionId\"]}}]"}}, {"model": "admin.logentry", "pk": 47, "fields": {"action_time": "2017-04-29T17:40:20.579Z", "user": 1, "content_type": 7, "object_id": "12", "object_repr": "Prompt object", "action_flag": 2, "change_message": "[{\"changed\": {\"fields\": [\"collectionId\"]}}]"}}, {"model": "admin.logentry", "pk": 48, "fields": {"action_time": "2017-04-29T17:40:34.802Z", "user": 1, "content_type": 7, "object_id": "11", "object_repr": "Prompt object", "action_flag": 2, "change_message": "[{\"changed\": {\"fields\": [\"collectionId\"]}}]"}}, {"model": "admin.logentry", "pk": 49, "fields": {"action_time": "2017-04-29T17:58:38.659Z", "user": 1, "content_type": 7, "object_id": "10", "object_repr": "Prompt object", "action_flag": 2, "change_message": "[{\"changed\": {\"fields\": [\"text\"]}}]"}}, {"model": "admin.logentry", "pk": 50, "fields": {"action_time": "2017-04-29T18:04:22.397Z", "user": 1, "content_type": 7, "object_id": "20", "object_repr": "Prompt object", "action_flag": 3, "change_message": ""}}, {"model": "admin.logentry", "pk": 51, "fields": {"action_time": "2017-04-29T18:04:22.402Z", "user": 1, "content_type": 7, "object_id": "19", "object_repr": "Prompt object", "action_flag": 3, "change_message": ""}}, {"model": "admin.logentry", "pk": 52, "fields": {"action_time": "2017-04-29T18:04:22.404Z", "user": 1, "content_type": 7, "object_id": "18", "object_repr": "Prompt object", "action_flag": 3, "change_message": ""}}, {"model": "admin.logentry", "pk": 53, "fields": {"action_time": "2017-04-29T18:04:22.408Z", "user": 1, "content_type": 7, "object_id": "17", "object_repr": "Prompt object", "action_flag": 3, "change_message": ""}}, {"model": "admin.logentry", "pk": 54, "fields": {"action_time": "2017-04-29T18:04:22.410Z", "user": 1, "content_type": 7, "object_id": "16", "object_repr": "Prompt object", "action_flag": 3, "change_message": ""}}, {"model": "admin.logentry", "pk": 55, "fields": {"action_time": "2017-04-29T18:04:22.413Z", "user": 1, "content_type": 7, "object_id": "15", "object_repr": "Prompt object", "action_flag": 3, "change_message": ""}}, {"model": "admin.logentry", "pk": 56, "fields": {"action_time": "2017-04-29T18:04:22.415Z", "user": 1, "content_type": 7, "object_id": "14", "object_repr": "Prompt object", "action_flag": 3, "change_message": ""}}, {"model": "admin.logentry", "pk": 57, "fields": {"action_time": "2017-04-29T18:04:22.419Z", "user": 1, "content_type": 7, "object_id": "13", "object_repr": "Prompt object", "action_flag": 3, "change_message": ""}}, {"model": "admin.logentry", "pk": 58, "fields": {"action_time": "2017-04-29T18:04:22.422Z", "user": 1, "content_type": 7, "object_id": "12", "object_repr": "Prompt object", "action_flag": 3, "change_message": ""}}, {"model": "admin.logentry", "pk": 59, "fields": {"action_time": "2017-04-29T18:04:22.425Z", "user": 1, "content_type": 7, "object_id": "11", "object_repr": "Prompt object", "action_flag": 3, "change_message": ""}}, {"model": "admin.logentry", "pk": 60, "fields": {"action_time": "2017-04-29T18:04:22.427Z", "user": 1, "content_type": 7, "object_id": "10", "object_repr": "Prompt object", "action_flag": 3, "change_message": ""}}, {"model": "admin.logentry", "pk": 61, "fields": {"action_time": "2017-04-29T18:04:22.433Z", "user": 1, "content_type": 7, "object_id": "9", "object_repr": "Prompt object", "action_flag": 3, "change_message": ""}}, {"model": "admin.logentry", "pk": 62, "fields": {"action_time": "2017-04-29T18:04:22.437Z", "user": 1, "content_type": 7, "object_id": "8", "object_repr": "Prompt object", "action_flag": 3, "change_message": ""}}, {"model": "admin.logentry", "pk": 63, "fields": {"action_time": "2017-04-29T18:04:22.440Z", "user": 1, "content_type": 7, "object_id": "7", "object_repr": "Prompt object", "action_flag": 3, "change_message": ""}}, {"model": "admin.logentry", "pk": 64, "fields": {"action_time": "2017-04-29T18:04:22.443Z", "user": 1, "content_type": 7, "object_id": "6", "object_repr": "Prompt object", "action_flag": 3, "change_message": ""}}, {"model": "admin.logentry", "pk": 65, "fields": {"action_time": "2017-04-29T18:04:22.444Z", "user": 1, "content_type": 7, "object_id": "5", "object_repr": "Prompt object", "action_flag": 3, "change_message": ""}}, {"model": "admin.logentry", "pk": 66, "fields": {"action_time": "2017-04-29T18:04:22.446Z", "user": 1, "content_type": 7, "object_id": "4", "object_repr": "Prompt object", "action_flag": 3, "change_message": ""}}, {"model": "admin.logentry", "pk": 67, "fields": {"action_time": "2017-04-29T18:04:22.449Z", "user": 1, "content_type": 7, "object_id": "3", "object_repr": "Prompt object", "action_flag": 3, "change_message": ""}}, {"model": "admin.logentry", "pk": 68, "fields": {"action_time": "2017-04-29T18:04:22.451Z", "user": 1, "content_type": 7, "object_id": "2", "object_repr": "Prompt object", "action_flag": 3, "change_message": ""}}, {"model": "admin.logentry", "pk": 69, "fields": {"action_time": "2017-04-29T18:04:22.461Z", "user": 1, "content_type": 7, "object_id": "1", "object_repr": "Prompt object", "action_flag": 3, "change_message": ""}}, {"model": "admin.logentry", "pk": 70, "fields": {"action_time": "2017-04-29T18:05:51.547Z", "user": 1, "content_type": 7, "object_id": "21", "object_repr": "Prompt object", "action_flag": 1, "change_message": "[{\"added\": {}}]"}}, {"model": "admin.logentry", "pk": 71, "fields": {"action_time": "2017-04-29T18:06:02.794Z", "user": 1, "content_type": 7, "object_id": "22", "object_repr": "Prompt object", "action_flag": 1, "change_message": "[{\"added\": {}}]"}}, {"model": "admin.logentry", "pk": 72, "fields": {"action_time": "2017-04-29T18:06:49.788Z", "user": 1, "content_type": 7, "object_id": "23", "object_repr": "Prompt object", "action_flag": 1, "change_message": "[{\"added\": {}}]"}}, {"model": "admin.logentry", "pk": 73, "fields": {"action_time": "2017-04-29T18:07:06.149Z", "user": 1, "content_type": 7, "object_id": "24", "object_repr": "Prompt object", "action_flag": 1, "change_message": "[{\"added\": {}}]"}}, {"model": "admin.logentry", "pk": 74, "fields": {"action_time": "2017-04-29T18:07:27.487Z", "user": 1, "content_type": 7, "object_id": "25", "object_repr": "Prompt object", "action_flag": 1, "change_message": "[{\"added\": {}}]"}}, {"model": "admin.logentry", "pk": 75, "fields": {"action_time": "2017-04-29T18:08:05.453Z", "user": 1, "content_type": 7, "object_id": "26", "object_repr": "Prompt object", "action_flag": 1, "change_message": "[{\"added\": {}}]"}}, {"model": "admin.logentry", "pk": 76, "fields": {"action_time": "2017-04-29T18:08:18.807Z", "user": 1, "content_type": 7, "object_id": "27", "object_repr": "Prompt object", "action_flag": 1, "change_message": "[{\"added\": {}}]"}}, {"model": "admin.logentry", "pk": 77, "fields": {"action_time": "2017-04-29T18:08:32.791Z", "user": 1, "content_type": 7, "object_id": "28", "object_repr": "Prompt object", "action_flag": 1, "change_message": "[{\"added\": {}}]"}}, {"model": "admin.logentry", "pk": 78, "fields": {"action_time": "2017-04-29T18:08:54.882Z", "user": 1, "content_type": 7, "object_id": "29", "object_repr": "Prompt object", "action_flag": 1, "change_message": "[{\"added\": {}}]"}}, {"model": "admin.logentry", "pk": 79, "fields": {"action_time": "2017-04-29T18:09:20.141Z", "user": 1, "content_type": 7, "object_id": "30", "object_repr": "Prompt object", "action_flag": 1, "change_message": "[{\"added\": {}}]"}}, {"model": "admin.logentry", "pk": 80, "fields": {"action_time": "2017-04-29T18:10:00.233Z", "user": 1, "content_type": 7, "object_id": "31", "object_repr": "Prompt object", "action_flag": 1, "change_message": "[{\"added\": {}}]"}}, {"model": "admin.logentry", "pk": 81, "fields": {"action_time": "2017-04-29T18:10:13.677Z", "user": 1, "content_type": 7, "object_id": "32", "object_repr": "Prompt object", "action_flag": 1, "change_message": "[{\"added\": {}}]"}}, {"model": "admin.logentry", "pk": 82, "fields": {"action_time": "2017-04-29T18:10:29.088Z", "user": 1, "content_type": 7, "object_id": "33", "object_repr": "Prompt object", "action_flag": 1, "change_message": "[{\"added\": {}}]"}}, {"model": "admin.logentry", "pk": 83, "fields": {"action_time": "2017-04-29T18:10:49.174Z", "user": 1, "content_type": 7, "object_id": "34", "object_repr": "Prompt object", "action_flag": 1, "change_message": "[{\"added\": {}}]"}}, {"model": "admin.logentry", "pk": 84, "fields": {"action_time": "2017-04-29T18:11:05.032Z", "user": 1, "content_type": 7, "object_id": "35", "object_repr": "Prompt object", "action_flag": 1, "change_message": "[{\"added\": {}}]"}}, {"model": "admin.logentry", "pk": 85, "fields": {"action_time": "2017-04-29T18:11:20.877Z", "user": 1, "content_type": 7, "object_id": "36", "object_repr": "Prompt object", "action_flag": 1, "change_message": "[{\"added\": {}}]"}}, {"model": "admin.logentry", "pk": 86, "fields": {"action_time": "2017-04-29T18:11:28.010Z", "user": 1, "content_type": 7, "object_id": "37", "object_repr": "Prompt object", "action_flag": 1, "change_message": "[{\"added\": {}}]"}}, {"model": "admin.logentry", "pk": 87, "fields": {"action_time": "2017-04-29T18:11:37.055Z", "user": 1, "content_type": 7, "object_id": "38", "object_repr": "Prompt object", "action_flag": 1, "change_message": "[{\"added\": {}}]"}}, {"model": "admin.logentry", "pk": 88, "fields": {"action_time": "2017-04-29T18:11:49.032Z", "user": 1, "content_type": 7, "object_id": "39", "object_repr": "Prompt object", "action_flag": 1, "change_message": "[{\"added\": {}}]"}}, {"model": "admin.logentry", "pk": 89, "fields": {"action_time": "2017-04-29T18:12:04.900Z", "user": 1, "content_type": 7, "object_id": "40", "object_repr": "Prompt object", "action_flag": 1, "change_message": "[{\"added\": {}}]"}}, {"model": "admin.logentry", "pk": 90, "fields": {"action_time": "2017-04-29T18:16:07.430Z", "user": 1, "content_type": 9, "object_id": "5", "object_repr": "Drawing object", "action_flag": 1, "change_message": "[{\"added\": {}}]"}}, {"model": "admin.logentry", "pk": 91, "fields": {"action_time": "2017-04-29T18:16:46.550Z", "user": 1, "content_type": 9, "object_id": "6", "object_repr": "Drawing object", "action_flag": 1, "change_message": "[{\"added\": {}}]"}}, {"model": "admin.logentry", "pk": 92, "fields": {"action_time": "2017-04-29T18:17:21.267Z", "user": 1, "content_type": 9, "object_id": "7", "object_repr": "Drawing object", "action_flag": 1, "change_message": "[{\"added\": {}}]"}}, {"model": "admin.logentry", "pk": 93, "fields": {"action_time": "2017-04-29T18:17:44.439Z", "user": 1, "content_type": 9, "object_id": "8", "object_repr": "Drawing object", "action_flag": 1, "change_message": "[{\"added\": {}}]"}}, {"model": "admin.logentry", "pk": 94, "fields": {"action_time": "2017-04-29T19:10:06.281Z", "user": 1, "content_type": 9, "object_id": "8", "object_repr": "Drawing object", "action_flag": 2, "change_message": "[{\"changed\": {\"fields\": [\"finished\"]}}]"}}, {"model": "admin.logentry", "pk": 95, "fields": {"action_time": "2017-04-29T19:10:10.386Z", "user": 1, "content_type": 9, "object_id": "7", "object_repr": "Drawing object", "action_flag": 2, "change_message": "[{\"changed\": {\"fields\": [\"finished\"]}}]"}}, {"model": "admin.logentry", "pk": 96, "fields": {"action_time": "2017-04-29T19:10:15.707Z", "user": 1, "content_type": 9, "object_id": "6", "object_repr": "Drawing object", "action_flag": 2, "change_message": "[{\"changed\": {\"fields\": [\"finished\"]}}]"}}, {"model": "admin.logentry", "pk": 97, "fields": {"action_time": "2017-04-29T19:10:19.663Z", "user": 1, "content_type": 9, "object_id": "5", "object_repr": "Drawing object", "action_flag": 2, "change_message": "[]"}}, {"model": "admin.logentry", "pk": 98, "fields": {"action_time": "2017-04-30T01:29:36.789Z", "user": 1, "content_type": 9, "object_id": "3", "object_repr": "Drawing object", "action_flag": 2, "change_message": "[{\"changed\": {\"fields\": [\"updates\"]}}]"}}, {"model": "admin.logentry", "pk": 99, "fields": {"action_time": "2017-04-30T01:29:42.409Z", "user": 1, "content_type": 9, "object_id": "2", "object_repr": "Drawing object", "action_flag": 2, "change_message": "[{\"changed\": {\"fields\": [\"updates\"]}}]"}}, {"model": "admin.logentry", "pk": 100, "fields": {"action_time": "2017-04-30T02:25:24.503Z", "user": 1, "content_type": 9, "object_id": "3", "object_repr": "Drawing object", "action_flag": 2, "change_message": "[{\"changed\": {\"fields\": [\"finished\"]}}]"}}, {"model": "admin.logentry", "pk": 101, "fields": {"action_time": "2017-04-30T02:25:59.423Z", "user": 1, "content_type": 9, "object_id": "4", "object_repr": "Drawing object", "action_flag": 2, "change_message": "[{\"changed\": {\"fields\": [\"finished\"]}}]"}}, {"model": "admin.logentry", "pk": 102, "fields": {"action_time": "2017-04-30T02:26:37.611Z", "user": 1, "content_type": 9, "object_id": "5", "object_repr": "Drawing object", "action_flag": 2, "change_message": "[]"}}, {"model": "admin.logentry", "pk": 103, "fields": {"action_time": "2017-04-30T02:46:06.888Z", "user": 1, "content_type": 9, "object_id": "1", "object_repr": "Drawing object", "action_flag": 2, "change_message": "[{\"changed\": {\"fields\": [\"image\"]}}]"}}, {"model": "admin.logentry", "pk": 104, "fields": {"action_time": "2017-04-30T02:52:43.849Z", "user": 1, "content_type": 9, "object_id": "4", "object_repr": "Drawing object", "action_flag": 2, "change_message": "[{\"changed\": {\"fields\": [\"finished\"]}}]"}}, {"model": "admin.logentry", "pk": 105, "fields": {"action_time": "2017-04-30T02:52:48.191Z", "user": 1, "content_type": 9, "object_id": "3", "object_repr": "Drawing object", "action_flag": 2, "change_message": "[{\"changed\": {\"fields\": [\"finished\"]}}]"}}, {"model": "admin.logentry", "pk": 106, "fields": {"action_time": "2017-04-30T02:52:51.642Z", "user": 1, "content_type": 9, "object_id": "2", "object_repr": "Drawing object", "action_flag": 2, "change_message": "[{\"changed\": {\"fields\": [\"finished\"]}}]"}}, {"model": "admin.logentry", "pk": 107, "fields": {"action_time": "2017-04-30T02:52:55.961Z", "user": 1, "content_type": 9, "object_id": "1", "object_repr": "Drawing object", "action_flag": 2, "change_message": "[{\"changed\": {\"fields\": [\"finished\"]}}]"}}, {"model": "admin.logentry", "pk": 108, "fields": {"action_time": "2017-04-30T03:55:43.083Z", "user": 1, "content_type": 9, "object_id": "2", "object_repr": "Drawing object", "action_flag": 2, "change_message": "[{\"changed\": {\"fields\": [\"finished\"]}}]"}}, {"model": "admin.logentry", "pk": 109, "fields": {"action_time": "2017-04-30T03:57:48.120Z", "user": 1, "content_type": 9, "object_id": "2", "object_repr": "Drawing object", "action_flag": 2, "change_message": "[{\"changed\": {\"fields\": [\"updates\"]}}]"}}, {"model": "admin.logentry", "pk": 110, "fields": {"action_time": "2017-04-30T04:13:07.649Z", "user": 1, "content_type": 9, "object_id": "2", "object_repr": "Drawing object", "action_flag": 2, "change_message": "[{\"changed\": {\"fields\": [\"updates\", \"finished\"]}}]"}}, {"model": "admin.logentry", "pk": 111, "fields": {"action_time": "2017-04-30T04:58:04.591Z", "user": 1, "content_type": 9, "object_id": "19", "object_repr": "Drawing object", "action_flag": 3, "change_message": ""}}, {"model": "admin.logentry", "pk": 112, "fields": {"action_time": "2017-04-30T04:58:04.594Z", "user": 1, "content_type": 9, "object_id": "18", "object_repr": "Drawing object", "action_flag": 3, "change_message": ""}}, {"model": "admin.logentry", "pk": 113, "fields": {"action_time": "2017-04-30T04:58:04.596Z", "user": 1, "content_type": 9, "object_id": "17", "object_repr": "Drawing object", "action_flag": 3, "change_message": ""}}, {"model": "admin.logentry", "pk": 114, "fields": {"action_time": "2017-04-30T04:58:04.599Z", "user": 1, "content_type": 9, "object_id": "16", "object_repr": "Drawing object", "action_flag": 3, "change_message": ""}}, {"model": "admin.logentry", "pk": 115, "fields": {"action_time": "2017-04-30T04:58:04.602Z", "user": 1, "content_type": 9, "object_id": "15", "object_repr": "Drawing object", "action_flag": 3, "change_message": ""}}, {"model": "admin.logentry", "pk": 116, "fields": {"action_time": "2017-04-30T04:58:04.604Z", "user": 1, "content_type": 9, "object_id": "14", "object_repr": "Drawing object", "action_flag": 3, "change_message": ""}}, {"model": "admin.logentry", "pk": 117, "fields": {"action_time": "2017-04-30T04:58:04.606Z", "user": 1, "content_type": 9, "object_id": "13", "object_repr": "Drawing object", "action_flag": 3, "change_message": ""}}, {"model": "admin.logentry", "pk": 118, "fields": {"action_time": "2017-04-30T04:58:04.608Z", "user": 1, "content_type": 9, "object_id": "12", "object_repr": "Drawing object", "action_flag": 3, "change_message": ""}}, {"model": "admin.logentry", "pk": 119, "fields": {"action_time": "2017-04-30T04:58:04.611Z", "user": 1, "content_type": 9, "object_id": "11", "object_repr": "Drawing object", "action_flag": 3, "change_message": ""}}, {"model": "admin.logentry", "pk": 120, "fields": {"action_time": "2017-04-30T04:58:04.613Z", "user": 1, "content_type": 9, "object_id": "10", "object_repr": "Drawing object", "action_flag": 3, "change_message": ""}}, {"model": "admin.logentry", "pk": 121, "fields": {"action_time": "2017-04-30T04:58:04.616Z", "user": 1, "content_type": 9, "object_id": "9", "object_repr": "Drawing object", "action_flag": 3, "change_message": ""}}, {"model": "admin.logentry", "pk": 122, "fields": {"action_time": "2017-04-30T04:58:15.713Z", "user": 1, "content_type": 9, "object_id": "1", "object_repr": "Drawing object", "action_flag": 2, "change_message": "[{\"changed\": {\"fields\": [\"updates\"]}}]"}}, {"model": "admin.logentry", "pk": 123, "fields": {"action_time": "2017-04-30T07:11:30.993Z", "user": 1, "content_type": 9, "object_id": "21", "object_repr": "Drawing object", "action_flag": 3, "change_message": ""}}, {"model": "admin.logentry", "pk": 124, "fields": {"action_time": "2017-04-30T07:11:30.998Z", "user": 1, "content_type": 9, "object_id": "20", "object_repr": "Drawing object", "action_flag": 3, "change_message": ""}}, {"model": "admin.logentry", "pk": 125, "fields": {"action_time": "2017-04-30T07:11:31Z", "user": 1, "content_type": 9, "object_id": "19", "object_repr": "Drawing object", "action_flag": 3, "change_message": ""}}, {"model": "admin.logentry", "pk": 126, "fields": {"action_time": "2017-04-30T07:11:31.002Z", "user": 1, "content_type": 9, "object_id": "18", "object_repr": "Drawing object", "action_flag": 3, "change_message": ""}}, {"model": "admin.logentry", "pk": 127, "fields": {"action_time": "2017-04-30T07:11:31.004Z", "user": 1, "content_type": 9, "object_id": "17", "object_repr": "Drawing object", "action_flag": 3, "change_message": ""}}, {"model": "admin.logentry", "pk": 128, "fields": {"action_time": "2017-04-30T07:11:31.007Z", "user": 1, "content_type": 9, "object_id": "16", "object_repr": "Drawing object", "action_flag": 3, "change_message": ""}}, {"model": "admin.logentry", "pk": 129, "fields": {"action_time": "2017-04-30T07:11:31.009Z", "user": 1, "content_type": 9, "object_id": "15", "object_repr": "Drawing object", "action_flag": 3, "change_message": ""}}, {"model": "admin.logentry", "pk": 130, "fields": {"action_time": "2017-04-30T07:11:31.012Z", "user": 1, "content_type": 9, "object_id": "14", "object_repr": "Drawing object", "action_flag": 3, "change_message": ""}}, {"model": "admin.logentry", "pk": 131, "fields": {"action_time": "2017-04-30T07:11:31.014Z", "user": 1, "content_type": 9, "object_id": "13", "object_repr": "Drawing object", "action_flag": 3, "change_message": ""}}, {"model": "admin.logentry", "pk": 132, "fields": {"action_time": "2017-04-30T07:11:31.018Z", "user": 1, "content_type": 9, "object_id": "12", "object_repr": "Drawing object", "action_flag": 3, "change_message": ""}}, {"model": "admin.logentry", "pk": 133, "fields": {"action_time": "2017-04-30T07:11:31.021Z", "user": 1, "content_type": 9, "object_id": "11", "object_repr": "Drawing object", "action_flag": 3, "change_message": ""}}, {"model": "admin.logentry", "pk": 134, "fields": {"action_time": "2017-04-30T07:11:31.023Z", "user": 1, "content_type": 9, "object_id": "10", "object_repr": "Drawing object", "action_flag": 3, "change_message": ""}}, {"model": "admin.logentry", "pk": 135, "fields": {"action_time": "2017-04-30T07:11:31.025Z", "user": 1, "content_type": 9, "object_id": "9", "object_repr": "Drawing object", "action_flag": 3, "change_message": ""}}, {"model": "admin.logentry", "pk": 136, "fields": {"action_time": "2017-04-30T07:11:31.027Z", "user": 1, "content_type": 9, "object_id": "8", "object_repr": "Drawing object", "action_flag": 3, "change_message": ""}}, {"model": "admin.logentry", "pk": 137, "fields": {"action_time": "2017-04-30T07:11:31.029Z", "user": 1, "content_type": 9, "object_id": "7", "object_repr": "Drawing object", "action_flag": 3, "change_message": ""}}, {"model": "admin.logentry", "pk": 138, "fields": {"action_time": "2017-04-30T07:11:31.031Z", "user": 1, "content_type": 9, "object_id": "6", "object_repr": "Drawing object", "action_flag": 3, "change_message": ""}}, {"model": "admin.logentry", "pk": 139, "fields": {"action_time": "2017-04-30T07:11:31.033Z", "user": 1, "content_type": 9, "object_id": "5", "object_repr": "Drawing object", "action_flag": 3, "change_message": ""}}, {"model": "admin.logentry", "pk": 140, "fields": {"action_time": "2017-04-30T07:11:31.035Z", "user": 1, "content_type": 9, "object_id": "4", "object_repr": "Drawing object", "action_flag": 3, "change_message": ""}}, {"model": "admin.logentry", "pk": 141, "fields": {"action_time": "2017-04-30T07:11:31.037Z", "user": 1, "content_type": 9, "object_id": "3", "object_repr": "Drawing object", "action_flag": 3, "change_message": ""}}, {"model": "admin.logentry", "pk": 142, "fields": {"action_time": "2017-04-30T07:11:31.039Z", "user": 1, "content_type": 9, "object_id": "2", "object_repr": "Drawing object", "action_flag": 3, "change_message": ""}}, {"model": "admin.logentry", "pk": 143, "fields": {"action_time": "2017-04-30T07:11:31.042Z", "user": 1, "content_type": 9, "object_id": "1", "object_repr": "Drawing object", "action_flag": 3, "change_message": ""}}, {"model": "admin.logentry", "pk": 144, "fields": {"action_time": "2017-04-30T18:52:14.550Z", "user": 1, "content_type": 8, "object_id": "4", "object_repr": "Collection object", "action_flag": 3, "change_message": ""}}, {"model": "admin.logentry", "pk": 145, "fields": {"action_time": "2017-04-30T18:52:14.557Z", "user": 1, "content_type": 8, "object_id": "3", "object_repr": "Collection object", "action_flag": 3, "change_message": ""}}, {"model": "admin.logentry", "pk": 146, "fields": {"action_time": "2017-04-30T18:52:14.560Z", "user": 1, "content_type": 8, "object_id": "2", "object_repr": "Collection object", "action_flag": 3, "change_message": ""}}, {"model": "admin.logentry", "pk": 147, "fields": {"action_time": "2017-04-30T18:52:14.563Z", "user": 1, "content_type": 8, "object_id": "1", "object_repr": "Collection object", "action_flag": 3, "change_message": ""}}, {"model": "admin.logentry", "pk": 148, "fields": {"action_time": "2017-04-30T19:04:25.820Z", "user": 2, "content_type": 8, "object_id": "5", "object_repr": "Collection object", "action_flag": 1, "change_message": "[{\"added\": {}}]"}}, {"model": "admin.logentry", "pk": 149, "fields": {"action_time": "2017-04-30T19:05:01.703Z", "user": 2, "content_type": 7, "object_id": "41", "object_repr": "Prompt object", "action_flag": 1, "change_message": "[{\"added\": {}}]"}}, {"model": "admin.logentry", "pk": 150, "fields": {"action_time": "2017-04-30T19:05:17.446Z", "user": 2, "content_type": 7, "object_id": "42", "object_repr": "Prompt object", "action_flag": 1, "change_message": "[{\"added\": {}}]"}}, {"model": "admin.logentry", "pk": 151, "fields": {"action_time": "2017-04-30T19:05:30.883Z", "user": 2, "content_type": 7, "object_id": "43", "object_repr": "Prompt object", "action_flag": 1, "change_message": "[{\"added\": {}}]"}}, {"model": "admin.logentry", "pk": 152, "fields": {"action_time": "2017-04-30T19:05:47.766Z", "user": 2, "content_type": 7, "object_id": "44", "object_repr": "Prompt object", "action_flag": 1, "change_message": "[{\"added\": {}}]"}}, {"model": "admin.logentry", "pk": 153, "fields": {"action_time": "2017-04-30T19:06:13.828Z", "user": 2, "content_type": 7, "object_id": "45", "object_repr": "Prompt object", "action_flag": 1, "change_message": "[{\"added\": {}}]"}}, {"model": "admin.logentry", "pk": 154, "fields": {"action_time": "2017-04-30T19:06:45.566Z", "user": 2, "content_type": 7, "object_id": "46", "object_repr": "Prompt object", "action_flag": 1, "change_message": "[{\"added\": {}}]"}}, {"model": "admin.logentry", "pk": 155, "fields": {"action_time": "2017-04-30T19:07:03.760Z", "user": 2, "content_type": 7, "object_id": "47", "object_repr": "Prompt object", "action_flag": 1, "change_message": "[{\"added\": {}}]"}}, {"model": "admin.logentry", "pk": 156, "fields": {"action_time": "2017-04-30T19:07:30.486Z", "user": 2, "content_type": 7, "object_id": "46", "object_repr": "Prompt object", "action_flag": 2, "change_message": "[{\"changed\": {\"fields\": [\"text\"]}}]"}}, {"model": "admin.logentry", "pk": 157, "fields": {"action_time": "2017-04-30T19:33:53.732Z", "user": 2, "content_type": 9, "object_id": "1", "object_repr": "Drawing object", "action_flag": 2, "change_message": "[{\"changed\": {\"fields\": [\"title\"]}}]"}}, {"model": "admin.logentry", "pk": 158, "fields": {"action_time": "2017-04-30T20:42:00.160Z", "user": 2, "content_type": 8, "object_id": "6", "object_repr": "Collection object", "action_flag": 1, "change_message": "[{\"added\": {}}]"}}, {"model": "admin.logentry", "pk": 159, "fields": {"action_time": "2017-04-30T20:42:22.714Z", "user": 2, "content_type": 7, "object_id": "48", "object_repr": "Prompt object", "action_flag": 1, "change_message": "[{\"added\": {}}]"}}, {"model": "admin.logentry", "pk": 160, "fields": {"action_time": "2017-04-30T20:42:47.379Z", "user": 2, "content_type": 7, "object_id": "49", "object_repr": "Prompt object", "action_flag": 1, "change_message": "[{\"added\": {}}]"}}, {"model": "admin.logentry", "pk": 161, "fields": {"action_time": "2017-04-30T20:42:55.254Z", "user": 2, "content_type": 7, "object_id": "50", "object_repr": "Prompt object", "action_flag": 1, "change_message": "[{\"added\": {}}]"}}, {"model": "admin.logentry", "pk": 162, "fields": {"action_time": "2017-04-30T20:43:03.042Z", "user": 2, "content_type": 7, "object_id": "51", "object_repr": "Prompt object", "action_flag": 1, "change_message": "[{\"added\": {}}]"}}, {"model": "admin.logentry", "pk": 163, "fields": {"action_time": "2017-04-30T20:43:22.318Z", "user": 2, "content_type": 7, "object_id": "52", "object_repr": "Prompt object", "action_flag": 1, "change_message": "[{\"added\": {}}]"}}, {"model": "admin.logentry", "pk": 164, "fields": {"action_time": "2017-04-30T20:43:48.031Z", "user": 2, "content_type": 8, "object_id": "7", "object_repr": "Collection object", "action_flag": 1, "change_message": "[{\"added\": {}}]"}}, {"model": "admin.logentry", "pk": 165, "fields": {"action_time": "2017-04-30T20:44:14.491Z", "user": 2, "content_type": 7, "object_id": "53", "object_repr": "Prompt object", "action_flag": 1, "change_message": "[{\"added\": {}}]"}}, {"model": "admin.logentry", "pk": 166, "fields": {"action_time": "2017-04-30T20:47:37.071Z", "user": 2, "content_type": 8, "object_id": "7", "object_repr": "Collection object", "action_flag": 3, "change_message": ""}}, {"model": "admin.logentry", "pk": 167, "fields": {"action_time": "2017-04-30T20:47:41.155Z", "user": 2, "content_type": 8, "object_id": "6", "object_repr": "Collection object", "action_flag": 3, "change_message": ""}}, {"model": "admin.logentry", "pk": 168, "fields": {"action_time": "2017-04-30T20:47:58.923Z", "user": 2, "content_type": 8, "object_id": "8", "object_repr": "Collection object", "action_flag": 1, "change_message": "[{\"added\": {}}]"}}, {"model": "admin.logentry", "pk": 169, "fields": {"action_time": "2017-04-30T20:48:45.472Z", "user": 2, "content_type": 7, "object_id": "54", "object_repr": "Prompt object", "action_flag": 1, "change_message": "[{\"added\": {}}]"}}, {"model": "admin.logentry", "pk": 170, "fields": {"action_time": "2017-04-30T20:48:55.974Z", "user": 2, "content_type": 7, "object_id": "55", "object_repr": "Prompt object", "action_flag": 1, "change_message": "[{\"added\": {}}]"}}, {"model": "admin.logentry", "pk": 171, "fields": {"action_time": "2017-04-30T20:49:03.391Z", "user": 2, "content_type": 7, "object_id": "56", "object_repr": "Prompt object", "action_flag": 1, "change_message": "[{\"added\": {}}]"}}, {"model": "admin.logentry", "pk": 172, "fields": {"action_time": "2017-04-30T20:49:14.584Z", "user": 2, "content_type": 7, "object_id": "57", "object_repr": "Prompt object", "action_flag": 1, "change_message": "[{\"added\": {}}]"}}, {"model": "admin.logentry", "pk": 173, "fields": {"action_time": "2017-04-30T20:49:26.054Z", "user": 2, "content_type": 7, "object_id": "58", "object_repr": "Prompt object", "action_flag": 1, "change_message": "[{\"added\": {}}]"}}, {"model": "admin.logentry", "pk": 174, "fields": {"action_time": "2017-04-30T20:50:43.189Z", "user": 2, "content_type": 8, "object_id": "8", "object_repr": "Collection object", "action_flag": 3, "change_message": ""}}, {"model": "admin.logentry", "pk": 175, "fields": {"action_time": "2017-04-30T20:50:51.015Z", "user": 2, "content_type": 8, "object_id": "9", "object_repr": "Collection object", "action_flag": 1, "change_message": "[{\"added\": {}}]"}}, {"model": "admin.logentry", "pk": 176, "fields": {"action_time": "2017-04-30T20:51:37.517Z", "user": 2, "content_type": 7, "object_id": "59", "object_repr": "Prompt object", "action_flag": 1, "change_message": "[{\"added\": {}}]"}}, {"model": "admin.logentry", "pk": 177, "fields": {"action_time": "2017-04-30T20:51:47.384Z", "user": 2, "content_type": 7, "object_id": "60", "object_repr": "Prompt object", "action_flag": 1, "change_message": "[{\"added\": {}}]"}}, {"model": "admin.logentry", "pk": 178, "fields": {"action_time": "2017-04-30T20:51:55.390Z", "user": 2, "content_type": 7, "object_id": "61", "object_repr": "Prompt object", "action_flag": 1, "change_message": "[{\"added\": {}}]"}}, {"model": "admin.logentry", "pk": 179, "fields": {"action_time": "2017-04-30T20:52:05.725Z", "user": 2, "content_type": 7, "object_id": "62", "object_repr": "Prompt object", "action_flag": 1, "change_message": "[{\"added\": {}}]"}}, {"model": "admin.logentry", "pk": 180, "fields": {"action_time": "2017-04-30T20:52:15.169Z", "user": 2, "content_type": 7, "object_id": "63", "object_repr": "Prompt object", "action_flag": 1, "change_message": "[{\"added\": {}}]"}}, {"model": "admin.logentry", "pk": 181, "fields": {"action_time": "2017-04-30T20:54:08.756Z", "user": 2, "content_type": 8, "object_id": "10", "object_repr": "Collection object", "action_flag": 1, "change_message": "[{\"added\": {}}]"}}, {"model": "admin.logentry", "pk": 182, "fields": {"action_time": "2017-04-30T20:54:22.180Z", "user": 2, "content_type": 7, "object_id": "64", "object_repr": "Prompt object", "action_flag": 1, "change_message": "[{\"added\": {}}]"}}, {"model": "admin.logentry", "pk": 183, "fields": {"action_time": "2017-04-30T20:54:30.517Z", "user": 2, "content_type": 7, "object_id": "65", "object_repr": "Prompt object", "action_flag": 1, "change_message": "[{\"added\": {}}]"}}, {"model": "admin.logentry", "pk": 184, "fields": {"action_time": "2017-04-30T20:54:57.807Z", "user": 2, "content_type": 7, "object_id": "66", "object_repr": "Prompt object", "action_flag": 1, "change_message": "[{\"added\": {}}]"}}, {"model": "admin.logentry", "pk": 185, "fields": {"action_time": "2017-04-30T20:55:10.473Z", "user": 2, "content_type": 7, "object_id": "67", "object_repr": "Prompt object", "action_flag": 1, "change_message": "[{\"added\": {}}]"}}, {"model": "admin.logentry", "pk": 186, "fields": {"action_time": "2017-04-30T20:55:28.936Z", "user": 2, "content_type": 7, "object_id": "68", "object_repr": "Prompt object", "action_flag": 1, "change_message": "[{\"added\": {}}]"}}, {"model": "admin.logentry", "pk": 187, "fields": {"action_time": "2017-04-30T20:55:47.444Z", "user": 2, "content_type": 7, "object_id": "69", "object_repr": "Prompt object", "action_flag": 1, "change_message": "[{\"added\": {}}]"}}, {"model": "admin.logentry", "pk": 188, "fields": {"action_time": "2017-05-01T01:44:09.011Z", "user": 1, "content_type": 9, "object_id": "14", "object_repr": "14Midday At Coachella", "action_flag": 3, "change_message": ""}}, {"model": "admin.logentry", "pk": 189, "fields": {"action_time": "2017-05-01T01:44:52.529Z", "user": 1, "content_type": 9, "object_id": "2", "object_repr": "2Collection object", "action_flag": 3, "change_message": ""}}, {"model": "admin.logentry", "pk": 190, "fields": {"action_time": "2017-05-01T05:21:12.111Z", "user": 2, "content_type": 9, "object_id": "13", "object_repr": "13Midday At Coachella", "action_flag": 3, "change_message": ""}}, {"model": "admin.logentry", "pk": 191, "fields": {"action_time": "2017-05-01T05:21:31.327Z", "user": 2, "content_type": 9, "object_id": "19", "object_repr": "19Mining an Asteroid", "action_flag": 3, "change_message": ""}}, {"model": "admin.logentry", "pk": 192, "fields": {"action_time": "2017-05-01T05:21:41.335Z", "user": 2, "content_type": 9, "object_id": "18", "object_repr": "18Summer Day At The Beach", "action_flag": 3, "change_message": ""}}, {"model": "admin.logentry", "pk": 193, "fields": {"action_time": "2017-05-01T05:22:47.197Z", "user": 2, "content_type": 9, "object_id": "10", "object_repr": "10Midday At Coachella", "action_flag": 3, "change_message": ""}}, {"model": "admin.logentry", "pk": 194, "fields": {"action_time": "2017-05-01T05:23:02.143Z", "user": 2, "content_type": 9, "object_id": "12", "object_repr": "12Summer Day At The Beach", "action_flag": 3, "change_message": ""}}, {"model": "admin.logentry", "pk": 195, "fields": {"action_time": "2017-05-01T05:23:16.291Z", "user": 2, "content_type": 9, "object_id": "16", "object_repr": "16Mining an Asteroid", "action_flag": 3, "change_message": ""}}, {"model": "admin.logentry", "pk": 196, "fields": {"action_time": "2017-05-01T05:23:24.478Z", "user": 2, "content_type": 9, "object_id": "17", "object_repr": "17Summer Day At The Beach", "action_flag": 3, "change_message": ""}}, {"model": "admin.logentry", "pk": 197, "fields": {"action_time": "2017-05-01T05:39:04.021Z", "user": 2, "content_type": 8, "object_id": "11", "object_repr": "Bike Ride By The River", "action_flag": 1, "change_message": "[{\"added\": {}}]"}}, {"model": "admin.logentry", "pk": 198, "fields": {"action_time": "2017-05-01T05:39:34.275Z", "user": 2, "content_type": 7, "object_id": "70", "object_repr": "A River", "action_flag": 1, "change_message": "[{\"added\": {}}]"}}, {"model": "admin.logentry", "pk": 199, "fields": {"action_time": "2017-05-01T05:39:58.955Z", "user": 2, "content_type": 7, "object_id": "71", "object_repr": "Trees", "action_flag": 1, "change_message": "[{\"added\": {}}]"}}, {"model": "admin.logentry", "pk": 200, "fields": {"action_time": "2017-05-01T05:40:19.183Z", "user": 2, "content_type": 7, "object_id": "72", "object_repr": "The Sky", "action_flag": 1, "change_message": "[{\"added\": {}}]"}}, {"model": "admin.logentry", "pk": 201, "fields": {"action_time": "2017-05-01T05:40:33.207Z", "user": 2, "content_type": 7, "object_id": "73", "object_repr": "A Biking Path", "action_flag": 1, "change_message": "[{\"added\": {}}]"}}, {"model": "admin.logentry", "pk": 202, "fields": {"action_time": "2017-05-01T05:40:55.030Z", "user": 2, "content_type": 7, "object_id": "74", "object_repr": "A Person Riding A Bike", "action_flag": 1, "change_message": "[{\"added\": {}}]"}}, {"model": "admin.logentry", "pk": 203, "fields": {"action_time": "2017-05-01T05:41:36.712Z", "user": 2, "content_type": 8, "object_id": "12", "object_repr": "City Lights", "action_flag": 1, "change_message": "[{\"added\": {}}]"}}, {"model": "admin.logentry", "pk": 204, "fields": {"action_time": "2017-05-01T05:46:54.753Z", "user": 2, "content_type": 7, "object_id": "75", "object_repr": "Towering Buildings", "action_flag": 1, "change_message": "[{\"added\": {}}]"}}, {"model": "admin.logentry", "pk": 205, "fields": {"action_time": "2017-05-01T05:47:08.920Z", "user": 2, "content_type": 7, "object_id": "76", "object_repr": "The Surrounding Sky", "action_flag": 1, "change_message": "[{\"added\": {}}]"}}, {"model": "admin.logentry", "pk": 206, "fields": {"action_time": "2017-05-01T05:47:24.896Z", "user": 2, "content_type": 7, "object_id": "77", "object_repr": "Cars", "action_flag": 1, "change_message": "[{\"added\": {}}]"}}, {"model": "admin.logentry", "pk": 207, "fields": {"action_time": "2017-05-01T05:47:44.163Z", "user": 2, "content_type": 7, "object_id": "78", "object_repr": "Pedestrians", "action_flag": 1, "change_message": "[{\"added\": {}}]"}}, {"model": "admin.logentry", "pk": 208, "fields": {"action_time": "2017-05-01T05:48:04.234Z", "user": 2, "content_type": 8, "object_id": "13", "object_repr": "Rainforest", "action_flag": 1, "change_message": "[{\"added\": {}}]"}}, {"model": "admin.logentry", "pk": 209, "fields": {"action_time": "2017-05-01T05:48:48.311Z", "user": 2, "content_type": 7, "object_id": "79", "object_repr": "Thick Forestry", "action_flag": 1, "change_message": "[{\"added\": {}}]"}}, {"model": "admin.logentry", "pk": 210, "fields": {"action_time": "2017-05-01T05:49:05.038Z", "user": 2, "content_type": 7, "object_id": "80", "object_repr": "A Dense Forest Canopy", "action_flag": 1, "change_message": "[{\"added\": {}}]"}}, {"model": "admin.logentry", "pk": 211, "fields": {"action_time": "2017-05-01T05:49:30.655Z", "user": 2, "content_type": 7, "object_id": "81", "object_repr": "Dew Hanging from the Greenery", "action_flag": 1, "change_message": "[{\"added\": {}}]"}}, {"model": "admin.logentry", "pk": 212, "fields": {"action_time": "2017-05-01T05:49:45.798Z", "user": 2, "content_type": 7, "object_id": "82", "object_repr": "Woodland Critters", "action_flag": 1, "change_message": "[{\"added\": {}}]"}}, {"model": "admin.logentry", "pk": 213, "fields": {"action_time": "2017-05-01T05:50:33.660Z", "user": 2, "content_type": 7, "object_id": "83", "object_repr": "Sun Rays Peaking Through the Canopy Overhead", "action_flag": 1, "change_message": "[{\"added\": {}}]"}}, {"model": "admin.logentry", "pk": 214, "fields": {"action_time": "2017-05-01T05:51:17.370Z", "user": 2, "content_type": 8, "object_id": "14", "object_repr": "Leaving the Shire", "action_flag": 1, "change_message": "[{\"added\": {}}]"}}, {"model": "admin.logentry", "pk": 215, "fields": {"action_time": "2017-05-01T05:52:08.679Z", "user": 2, "content_type": 7, "object_id": "84", "object_repr": "Green Pastures", "action_flag": 1, "change_message": "[{\"added\": {}}]"}}, {"model": "admin.logentry", "pk": 216, "fields": {"action_time": "2017-05-01T05:52:18.164Z", "user": 2, "content_type": 7, "object_id": "85", "object_repr": "Hills", "action_flag": 1, "change_message": "[{\"added\": {}}]"}}, {"model": "admin.logentry", "pk": 217, "fields": {"action_time": "2017-05-01T06:01:09.319Z", "user": 2, "content_type": 7, "object_id": "86", "object_repr": "A Cobblestone Path", "action_flag": 1, "change_message": "[{\"added\": {}}]"}}, {"model": "admin.logentry", "pk": 218, "fields": {"action_time": "2017-05-01T06:02:23.685Z", "user": 2, "content_type": 7, "object_id": "87", "object_repr": "A Group of Unlikely Adventurers", "action_flag": 1, "change_message": "[{\"added\": {}}]"}}, {"model": "admin.logentry", "pk": 219, "fields": {"action_time": "2017-05-01T06:03:08.359Z", "user": 2, "content_type": 7, "object_id": "88", "object_repr": "A Mystical Land Far Off in the Distance", "action_flag": 1, "change_message": "[{\"added\": {}}]"}}, {"model": "admin.logentry", "pk": 220, "fields": {"action_time": "2017-05-01T06:03:40.530Z", "user": 2, "content_type": 8, "object_id": "15", "object_repr": "Cloud City", "action_flag": 1, "change_message": "[{\"added\": {}}]"}}, {"model": "admin.logentry", "pk": 221, "fields": {"action_time": "2017-05-01T06:05:03.003Z", "user": 2, "content_type": 7, "object_id": "89", "object_repr": "A Floating City", "action_flag": 1, "change_message": "[{\"added\": {}}]"}}, {"model": "admin.logentry", "pk": 222, "fields": {"action_time": "2017-05-01T06:05:19.053Z", "user": 2, "content_type": 7, "object_id": "90", "object_repr": "Flying Cars", "action_flag": 1, "change_message": "[{\"added\": {}}]"}}, {"model": "admin.logentry", "pk": 223, "fields": {"action_time": "2017-05-01T06:05:50.966Z", "user": 2, "content_type": 7, "object_id": "91", "object_repr": "The Surrouding Sky", "action_flag": 1, "change_message": "[{\"added\": {}}]"}}, {"model": "admin.logentry", "pk": 224, "fields": {"action_time": "2017-05-01T06:06:28.818Z", "user": 2, "content_type": 7, "object_id": "92", "object_repr": "A Jedi vs Sith Conflict", "action_flag": 1, "change_message": "[{\"added\": {}}]"}}, {"model": "admin.logentry", "pk": 225, "fields": {"action_time": "2017-05-01T06:07:01.789Z", "user": 2, "content_type": 8, "object_id": "16", "object_repr": "The Robot Apocalypse", "action_flag": 1, "change_message": "[{\"added\": {}}]"}}, {"model": "admin.logentry", "pk": 226, "fields": {"action_time": "2017-05-01T06:07:20.224Z", "user": 2, "content_type": 7, "object_id": "93", "object_repr": "Evil Robots", "action_flag": 1, "change_message": "[{\"added\": {}}]"}}, {"model": "admin.logentry", "pk": 227, "fields": {"action_time": "2017-05-01T06:12:25.122Z", "user": 2, "content_type": 7, "object_id": "94", "object_repr": "Fire", "action_flag": 1, "change_message": "[{\"added\": {}}]"}}, {"model": "admin.logentry", "pk": 228, "fields": {"action_time": "2017-05-01T06:12:42.353Z", "user": 2, "content_type": 7, "object_id": "95", "object_repr": "Destruction", "action_flag": 1, "change_message": "[{\"added\": {}}]"}}, {"model": "admin.logentry", "pk": 229, "fields": {"action_time": "2017-05-01T06:13:01.244Z", "user": 2, "content_type": 7, "object_id": "96", "object_repr": "People in Fear", "action_flag": 1, "change_message": "[{\"added\": {}}]"}}, {"model": "admin.logentry", "pk": 230, "fields": {"action_time": "2017-05-01T06:13:33.051Z", "user": 2, "content_type": 7, "object_id": "97", "object_repr": "Lasers and Explosions", "action_flag": 1, "change_message": "[{\"added\": {}}]"}}, {"model": "admin.logentry", "pk": 231, "fields": {"action_time": "2017-05-01T06:14:07.064Z", "user": 2, "content_type": 7, "object_id": "98", "object_repr": "Arnold Schwarzenegger", "action_flag": 1, "change_message": "[{\"added\": {}}]"}}, {"model": "admin.logentry", "pk": 232, "fields": {"action_time": "2017-05-01T06:15:31.534Z", "user": 2, "content_type": 8, "object_id": "17", "object_repr": "Office Space", "action_flag": 1, "change_message": "[{\"added\": {}}]"}}, {"model": "admin.logentry", "pk": 233, "fields": {"action_time": "2017-05-01T06:28:16.438Z", "user": 2, "content_type": 7, "object_id": "99", "object_repr": "The Inside of a Building", "action_flag": 1, "change_message": "[{\"added\": {}}]"}}, {"model": "admin.logentry", "pk": 234, "fields": {"action_time": "2017-05-01T06:28:27.397Z", "user": 2, "content_type": 7, "object_id": "100", "object_repr": "Cubicles", "action_flag": 1, "change_message": "[{\"added\": {}}]"}}, {"model": "admin.logentry", "pk": 235, "fields": {"action_time": "2017-05-01T06:28:45.967Z", "user": 2, "content_type": 7, "object_id": "101", "object_repr": "A Water Cooler", "action_flag": 1, "change_message": "[{\"added\": {}}]"}}, {"model": "admin.logentry", "pk": 236, "fields": {"action_time": "2017-05-01T06:29:23.246Z", "user": 2, "content_type": 7, "object_id": "102", "object_repr": "People Working", "action_flag": 1, "change_message": "[{\"added\": {}}]"}}, {"model": "admin.logentry", "pk": 237, "fields": {"action_time": "2017-05-01T06:30:10.065Z", "user": 2, "content_type": 7, "object_id": "103", "object_repr": "Clocks", "action_flag": 1, "change_message": "[{\"added\": {}}]"}}, {"model": "admin.logentry", "pk": 238, "fields": {"action_time": "2017-05-01T06:32:17.574Z", "user": 2, "content_type": 7, "object_id": "104", "object_repr": "A Boss Overseeing Workers", "action_flag": 1, "change_message": "[{\"added\": {}}]"}}, {"model": "admin.logentry", "pk": 239, "fields": {"action_time": "2017-05-01T06:32:52.442Z", "user": 2, "content_type": 8, "object_id": "18", "object_repr": "Dog Park", "action_flag": 1, "change_message": "[{\"added\": {}}]"}}, {"model": "admin.logentry", "pk": 240, "fields": {"action_time": "2017-05-01T06:33:40.948Z", "user": 2, "content_type": 7, "object_id": "105", "object_repr": "Trees", "action_flag": 1, "change_message": "[{\"added\": {}}]"}}, {"model": "admin.logentry", "pk": 241, "fields": {"action_time": "2017-05-01T06:33:50.356Z", "user": 2, "content_type": 7, "object_id": "106", "object_repr": "Dogs", "action_flag": 1, "change_message": "[{\"added\": {}}]"}}, {"model": "admin.logentry", "pk": 242, "fields": {"action_time": "2017-05-01T06:35:07.434Z", "user": 2, "content_type": 7, "object_id": "107", "object_repr": "People", "action_flag": 1, "change_message": "[{\"added\": {}}]"}}, {"model": "admin.logentry", "pk": 243, "fields": {"action_time": "2017-05-01T06:35:28.370Z", "user": 2, "content_type": 7, "object_id": "108", "object_repr": "The Sky", "action_flag": 1, "change_message": "[{\"added\": {}}]"}}, {"model": "admin.logentry", "pk": 244, "fields": {"action_time": "2017-05-01T06:36:59.586Z", "user": 2, "content_type": 8, "object_id": "19", "object_repr": "Disco Night", "action_flag": 1, "change_message": "[{\"added\": {}}]"}}, {"model": "admin.logentry", "pk": 245, "fields": {"action_time": "2017-05-01T06:37:24.921Z", "user": 2, "content_type": 7, "object_id": "109", "object_repr": "A Dance Floor", "action_flag": 1, "change_message": "[{\"added\": {}}]"}}, {"model": "admin.logentry", "pk": 246, "fields": {"action_time": "2017-05-01T06:38:00.978Z", "user": 2, "content_type": 7, "object_id": "110", "object_repr": "A Disco Ball", "action_flag": 1, "change_message": "[{\"added\": {}}]"}}, {"model": "admin.logentry", "pk": 247, "fields": {"action_time": "2017-05-01T06:38:35.903Z", "user": 2, "content_type": 7, "object_id": "111", "object_repr": "The Rest of the Dance Hall", "action_flag": 1, "change_message": "[{\"added\": {}}]"}}, {"model": "admin.logentry", "pk": 248, "fields": {"action_time": "2017-05-01T06:38:52.055Z", "user": 2, "content_type": 7, "object_id": "112", "object_repr": "Dancers", "action_flag": 1, "change_message": "[{\"added\": {}}]"}}, {"model": "admin.logentry", "pk": 249, "fields": {"action_time": "2017-05-01T06:39:38.084Z", "user": 2, "content_type": 7, "object_id": "113", "object_repr": "Disco Lights", "action_flag": 1, "change_message": "[{\"added\": {}}]"}}, {"model": "admin.logentry", "pk": 250, "fields": {"action_time": "2017-05-01T06:40:01.929Z", "user": 2, "content_type": 8, "object_id": "20", "object_repr": "Abstract Art", "action_flag": 1, "change_message": "[{\"added\": {}}]"}}, {"model": "admin.logentry", "pk": 251, "fields": {"action_time": "2017-05-01T06:40:39.434Z", "user": 2, "content_type": 7, "object_id": "114", "object_repr": "Splashes of Color", "action_flag": 1, "change_message": "[{\"added\": {}}]"}}, {"model": "admin.logentry", "pk": 252, "fields": {"action_time": "2017-05-01T06:41:15.548Z", "user": 2, "content_type": 7, "object_id": "115", "object_repr": "A Few Shapes", "action_flag": 1, "change_message": "[{\"added\": {}}]"}}, {"model": "admin.logentry", "pk": 253, "fields": {"action_time": "2017-05-01T06:41:49.206Z", "user": 2, "content_type": 7, "object_id": "116", "object_repr": "Lines", "action_flag": 1, "change_message": "[{\"added\": {}}]"}}, {"model": "admin.logentry", "pk": 254, "fields": {"action_time": "2017-05-01T06:42:16.957Z", "user": 2, "content_type": 7, "object_id": "117", "object_repr": "An Area Completely FIlled With Color", "action_flag": 1, "change_message": "[{\"added\": {}}]"}}, {"model": "admin.logentry", "pk": 255, "fields": {"action_time": "2017-05-01T06:42:31.974Z", "user": 2, "content_type": 7, "object_id": "118", "object_repr": "A Human Body Part", "action_flag": 1, "change_message": "[{\"added\": {}}]"}}, {"model": "admin.logentry", "pk": 256, "fields": {"action_time": "2017-05-01T06:43:01.810Z", "user": 2, "content_type": 7, "object_id": "119", "object_repr": "What You Think Spicy Looks Like", "action_flag": 1, "change_message": "[{\"added\": {}}]"}}, {"model": "admin.logentry", "pk": 257, "fields": {"action_time": "2017-05-01T07:09:19.523Z", "user": 1, "content_type": 9, "object_id": "24", "object_repr": "24Mining an Asteroid", "action_flag": 3, "change_message": ""}}, {"model": "admin.logentry", "pk": 258, "fields": {"action_time": "2017-05-01T07:09:28.112Z", "user": 1, "content_type": 9, "object_id": "23", "object_repr": "23Summer Day At The Beach", "action_flag": 3, "change_message": ""}}, {"model": "admin.logentry", "pk": 259, "fields": {"action_time": "2017-05-01T07:09:34.876Z", "user": 1, "content_type": 9, "object_id": "22", "object_repr": "22Mining an Asteroid", "action_flag": 3, "change_message": ""}}, {"model": "admin.logentry", "pk": 260, "fields": {"action_time": "2017-05-01T07:10:02.442Z", "user": 1, "content_type": 9, "object_id": "21", "object_repr": "21Summer Day At The Beach", "action_flag": 3, "change_message": ""}}, {"model": "admin.logentry", "pk": 261, "fields": {"action_time": "2017-05-01T07:10:08.458Z", "user": 1, "content_type": 9, "object_id": "20", "object_repr": "20Midday At Coachella", "action_flag": 3, "change_message": ""}}, {"model": "admin.logentry", "pk": 262, "fields": {"action_time": "2017-05-01T07:10:14.727Z", "user": 1, "content_type": 9, "object_id": "15", "object_repr": "15Mining an Asteroid", "action_flag": 3, "change_message": ""}}, {"model": "admin.logentry", "pk": 263, "fields": {"action_time": "2017-05-01T07:10:22.505Z", "user": 1, "content_type": 9, "object_id": "11", "object_repr": "11Midday At Coachella", "action_flag": 3, "change_message": ""}}, {"model": "admin.logentry", "pk": 264, "fields": {"action_time": "2017-05-01T07:10:42.200Z", "user": 1, "content_type": 9, "object_id": "7", "object_repr": "7Summer Day At The Beach", "action_flag": 3, "change_message": ""}}, {"model": "admin.logentry", "pk": 265, "fields": {"action_time": "2017-05-01T07:11:50.990Z", "user": 1, "content_type": 9, "object_id": "25", "object_repr": "25Mining an Asteroid", "action_flag": 3, "change_message": ""}}, {"model": "admin.logentry", "pk": 266, "fields": {"action_time": "2017-05-01T07:12:17.382Z", "user": 1, "content_type": 9, "object_id": "27", "object_repr": "27Midday At Coachella", "action_flag": 3, "change_message": ""}}, {"model": "admin.logentry", "pk": 267, "fields": {"action_time": "2017-05-01T07:12:26.261Z", "user": 1, "content_type": 9, "object_id": "26", "object_repr": "26Midday At Coachella", "action_flag": 3, "change_message": ""}}, {"model": "admin.logentry", "pk": 268, "fields": {"action_time": "2017-05-04T06:10:15.981Z", "user": 1, "content_type": 7, "object_id": "42", "object_repr": "Sand", "action_flag": 2, "change_message": "[{\"changed\": {\"fields\": [\"text\"]}}]"}}, {"model": "admin.logentry", "pk": 269, "fields": {"action_time": "2017-05-04T06:11:06.292Z", "user": 1, "content_type": 7, "object_id": "44", "object_repr": "Sunbathers", "action_flag": 2, "change_message": "[{\"changed\": {\"fields\": [\"text\"]}}]"}}, {"model": "admin.logentry", "pk": 270, "fields": {"action_time": "2017-05-04T07:00:21.392Z", "user": 1, "content_type": 9, "object_id": "3", "object_repr": "3Summer Day At The Beach", "action_flag": 3, "change_message": ""}}, {"model": "admin.logentry", "pk": 271, "fields": {"action_time": "2017-05-04T07:00:30.250Z", "user": 1, "content_type": 9, "object_id": "4", "object_repr": "4Summer Day At The Beach", "action_flag": 3, "change_message": ""}}, {"model": "admin.logentry", "pk": 272, "fields": {"action_time": "2017-05-04T07:01:34.159Z", "user": 1, "content_type": 9, "object_id": "29", "object_repr": "29Office Space", "action_flag": 3, "change_message": ""}}, {"model": "admin.logentry", "pk": 273, "fields": {"action_time": "2017-06-17T22:18:22.842Z", "user": 1, "content_type": 9, "object_id": "1", "object_repr": "1Summer Day At The Beach", "action_flag": 3, "change_message": ""}}, {"model": "admin.logentry", "pk": 274, "fields": {"action_time": "2017-06-17T22:18:31.999Z", "user": 1, "content_type": 9, "object_id": "39", "object_repr": "39City Lights", "action_flag": 3, "change_message": ""}}, {"model": "admin.logentry", "pk": 275, "fields": {"action_time": "2017-06-17T22:18:46.182Z", "user": 1, "content_type": 9, "object_id": "28", "object_repr": "28The Robot Apocalypse", "action_flag": 3, "change_message": ""}}, {"model": "admin.logentry", "pk": 276, "fields": {"action_time": "2017-06-17T22:20:33.556Z", "user": 1, "content_type": 9, "object_id": "34", "object_repr": "34Abstract Art", "action_flag": 3, "change_message": ""}}, {"model": "admin.logentry", "pk": 277, "fields": {"action_time": "2017-06-17T22:20:48.693Z", "user": 1, "content_type": 9, "object_id": "31", "object_repr": "31Bike Ride By The River", "action_flag": 3, "change_message": ""}}, {"model": "admin.logentry", "pk": 278, "fields": {"action_time": "2017-07-09T00:15:42.065Z", "user": 1, "content_type": 9, "object_id": "40", "object_repr": "40Bike Ride By The River", "action_flag": 3, "change_message": ""}}, {"model": "admin.logentry", "pk": 279, "fields": {"action_time": "2017-07-09T00:17:13.734Z", "user": 1, "content_type": 9, "object_id": "41", "object_repr": "41Mining an Asteroid", "action_flag": 3, "change_message": ""}}, {"model": "admin.logentry", "pk": 280, "fields": {"action_time": "2017-07-09T00:17:43.542Z", "user": 1, "content_type": 9, "object_id": "43", "object_repr": "43Bike Ride By The River", "action_flag": 3, "change_message": ""}}, {"model": "admin.logentry", "pk": 281, "fields": {"action_time": "2017-07-09T00:18:01.802Z", "user": 1, "content_type": 9, "object_id": "42", "object_repr": "42Midday At Coachella", "action_flag": 3, "change_message": ""}}, {"model": "admin.logentry", "pk": 282, "fields": {"action_time": "2017-07-09T00:21:01.774Z", "user": 1, "content_type": 9, "object_id": "44", "object_repr": "44The Robot Apocalypse", "action_flag": 3, "change_message": ""}}, {"model": "admin.logentry", "pk": 283, "fields": {"action_time": "2017-07-09T00:38:39.874Z", "user": 1, "content_type": 9, "object_id": "48", "object_repr": "48Rainforest", "action_flag": 3, "change_message": ""}}, {"model": "admin.logentry", "pk": 284, "fields": {"action_time": "2017-07-09T00:38:44.623Z", "user": 1, "content_type": 9, "object_id": "47", "object_repr": "47Rainforest", "action_flag": 3, "change_message": ""}}, {"model": "admin.logentry", "pk": 285, "fields": {"action_time": "2017-07-09T00:38:49.445Z", "user": 1, "content_type": 9, "object_id": "46", "object_repr": "46The Robot Apocalypse", "action_flag": 3, "change_message": ""}}, {"model": "admin.logentry", "pk": 286, "fields": {"action_time": "2017-07-09T00:38:53.952Z", "user": 1, "content_type": 9, "object_id": "45", "object_repr": "45City Lights", "action_flag": 3, "change_message": ""}}, {"model": "admin.logentry", "pk": 287, "fields": {"action_time": "2017-07-09T00:39:00.610Z", "user": 1, "content_type": 9, "object_id": "38", "object_repr": "38Midday At Coachella", "action_flag": 3, "change_message": ""}}, {"model": "admin.logentry", "pk": 288, "fields": {"action_time": "2017-07-09T00:39:11.499Z", "user": 1, "content_type": 9, "object_id": "37", "object_repr": "37Leaving the Shire", "action_flag": 3, "change_message": ""}}, {"model": "admin.logentry", "pk": 289, "fields": {"action_time": "2017-07-09T00:42:03.971Z", "user": 1, "content_type": 9, "object_id": "49", "object_repr": "49City Lights", "action_flag": 3, "change_message": ""}}]